Fecha_Hora,Temperatura_C,Humedad_Pct,Ventilador,Bomba_Riego,Luminosidad_Lux,Iluminacion_LED
2026-05-17 09:43:32,24.25,60.85,False,False,6000.0,47.42
2026-05-17 09:43:34,23.1,60.77,False,False,6000.0,54.19
2026-05-17 09:43:36,23.07,61.55,False,False,6000.0,40.13
2026-05-17 09:43:38,22.51,61.17,False,False,6000.0,49.2
2026-05-17 09:43:40,21.11,62.48,False,False,6000.0,53.33
2026-05-17 09:43:42,19.69,64.49,False,False,6000.0,41.4
2026-05-17 09:43:44,19.03,65.7,False,False,6000.0,45.53
2026-05-17 09:43:46,18.01,66.11,False,False,6000.0,40.55
2026-05-17 09:43:48,17.36,66.48,False,False,6000.0,50.41
2026-05-17 09:43:50,16.95,67.24,False,False,6000.0,44.98
2026-05-17 09:43:53,16.87,67.09,False,False,6000.0,50.79
2026-05-17 09:43:55,16.92,67.46,False,False,6000.0,47.72
2026-05-17 09:43:57,16.76,67.7,False,False,6000.0,50.24
2026-05-17 09:43:59,16.77,68.07,False,False,6000.0,48.08
2026-05-17 09:44:01,16.54,68.66,False,False,6000.0,48.05
2026-05-17 09:44:03,16.99,68.79,False,False,6000.0,43.18
2026-05-17 09:44:05,16.93,69.26,False,False,6000.0,46.84
2026-05-17 09:44:07,16.96,69.89,False,False,6000.0,40.36
2026-05-17 09:44:09,16.8,69.93,False,False,6000.0,51.3
2026-05-17 09:44:11,16.52,69.57,False,False,6000.0,47.68
2026-05-17 09:44:14,16.96,69.66,False,False,6000.0,40.27
2026-05-17 09:44:16,16.89,70.48,False,False,6000.0,43.76
2026-05-17 09:44:18,16.35,70.29,False,False,6000.0,46.27
2026-05-17 09:44:20,16.24,70.69,False,False,6000.0,50.16
2026-05-17 09:44:22,16.2,70.42,False,False,6000.0,44.75
2026-05-17 09:44:24,16.37,71.4,False,False,6000.0,40.72
2026-05-17 09:44:26,16.07,71.02,False,False,6000.0,46.46
2026-05-17 09:44:28,17.01,71.07,False,False,6000.0,44.35
2026-05-17 09:44:30,16.3,71.24,False,False,6000.0,53.11
2026-05-17 09:44:32,16.09,71.36,False,False,6000.0,47.99
2026-05-17 09:44:34,16.78,71.31,False,False,6000.0,41.44
2026-05-17 09:44:37,17.85,69.42,False,False,6000.0,23.54
2026-05-17 09:44:39,18.66,68.27,False,False,6000.0,31.64
2026-05-17 09:44:41,20.78,63.21,False,False,12130.71,0.0
2026-05-17 09:46:47,25.74,58.37,False,False,13177.65,0.0
2026-05-17 09:47:33,25.39,60.0,False,False,6000.0,36.69
2026-05-17 09:47:35,24.59,60.02,False,False,6000.0,31.93
2026-05-17 09:47:37,24.83,60.43,False,False,6000.0,41.59
2026-05-17 09:47:39,24.63,60.68,False,False,6000.0,34.53
2026-05-17 09:47:41,25.83,62.04,False,False,6000.0,37.08
2026-05-17 09:47:43,26.27,61.65,False,False,6000.0,28.85
2026-05-17 09:47:45,27.93,61.56,False,False,6000.0,21.56
2026-05-17 09:47:47,25.43,64.12,False,False,6000.0,37.78
2026-05-17 09:47:49,24.03,62.84,False,False,6000.0,46.65
2026-05-17 09:47:52,25.22,61.29,False,False,6000.0,40.61
2026-05-17 09:47:54,27.27,61.96,False,False,6000.0,22.69
2026-05-17 09:47:56,25.2,61.05,False,False,6000.0,45.8
2026-05-17 09:47:58,27.96,59.0,False,False,6000.0,20.03
2026-05-17 09:48:00,26.99,62.83,False,False,6000.0,36.88
2026-05-17 09:48:02,26.09,62.31,False,False,6000.0,33.53
2026-05-17 09:48:04,27.8,59.64,False,False,6000.0,28.2
2026-05-17 09:48:06,28.68,61.54,True,False,6000.0,20.59
2026-05-17 09:48:08,26.02,59.88,False,False,6000.0,37.77
2026-05-17 09:48:10,25.66,60.86,False,False,6000.0,45.43
2026-05-17 09:48:13,28.08,57.73,True,False,6000.0,23.6
2026-05-17 09:48:15,26.35,60.19,False,False,6000.0,27.46
2026-05-17 09:48:17,26.94,62.1,False,False,6000.0,30.52
2026-05-17 09:48:19,24.8,62.72,False,False,6000.0,48.25
2026-05-17 09:48:21,25.92,60.12,False,False,6000.0,38.55
2026-05-17 09:48:23,26.19,61.87,False,False,6000.0,40.73
2026-05-17 09:48:25,28.45,57.71,True,False,6000.0,22.8
2026-05-17 09:48:27,50.35,63.53,True,False,6000.0,48.35
2026-05-17 09:48:29,49.81,60.03,True,False,6000.0,52.95
2026-05-17 09:48:31,49.26,64.15,True,False,6000.0,40.48
2026-05-17 09:48:34,49.99,60.39,True,False,6000.0,51.4
2026-05-17 09:48:36,50.33,63.7,True,False,6000.0,42.15
2026-05-17 09:48:38,49.25,62.97,True,False,6000.0,43.08
2026-05-17 09:48:40,50.14,62.06,True,False,6000.0,52.81
2026-05-17 09:48:42,50.42,62.48,True,False,6000.0,49.97
2026-05-17 09:48:44,49.9,62.81,True,False,6000.0,52.65
2026-05-17 09:48:46,49.72,63.91,True,False,6000.0,42.16
2026-05-17 09:48:48,49.96,61.77,True,False,6000.0,51.33
2026-05-17 09:48:50,49.9,61.11,True,False,6000.0,50.81
2026-05-17 09:48:52,50.37,62.97,True,False,6000.0,53.79
2026-05-17 09:48:55,45.91,64.97,True,False,6000.0,40.45
2026-05-17 09:48:57,50.07,64.08,True,False,6000.0,50.52
2026-05-17 09:48:59,44.68,29.17,True,True,12186.77,0.0
2026-05-17 09:49:01,43.84,31.73,True,True,11026.62,0.0
2026-05-17 09:49:03,44.5,29.07,True,True,12011.1,0.0
2026-05-17 09:49:05,43.52,30.06,True,True,11209.22,0.0
2026-05-17 09:49:07,44.18,28.22,True,True,10061.91,0.0
2026-05-17 09:49:09,44.92,25.94,True,True,12055.28,0.0
2026-05-17 09:49:11,48.08,23.53,True,True,14772.31,0.0
2026-05-17 09:49:13,26.2,62.67,False,True,6000.0,29.03
2026-05-17 09:49:16,27.46,62.1,False,True,6000.0,33.51
2026-05-17 09:49:18,25.49,63.54,False,True,6000.0,47.31
2026-05-17 09:49:20,25.0,62.38,False,True,6000.0,49.06
2026-05-17 09:49:22,26.55,62.11,False,True,6000.0,39.38
2026-05-17 09:49:24,25.2,64.73,False,True,6000.0,48.23
2026-05-17 09:49:26,25.95,62.1,False,True,6000.0,39.39
2026-05-17 09:49:28,26.34,63.39,False,True,6000.0,41.76
2026-05-17 09:49:30,26.94,61.59,False,True,6000.0,30.26
2026-05-17 09:49:32,26.05,63.13,False,True,6000.0,37.18
2026-05-17 09:49:34,27.41,62.54,False,True,6000.0,27.07
2026-05-17 09:49:37,25.89,63.67,False,True,6000.0,38.09
2026-05-17 09:49:39,28.43,59.99,True,True,6000.0,28.86
2026-05-17 09:49:41,26.23,60.56,False,True,6000.0,34.08
2026-05-17 09:49:43,25.63,62.29,False,True,6000.0,40.91
2026-05-17 09:49:45,25.64,62.39,False,True,6000.0,43.42
2026-05-17 09:49:47,25.99,62.69,False,True,6000.0,43.08
2026-05-17 09:49:49,28.23,60.8,True,True,6000.0,21.35
2026-05-17 09:49:51,24.66,61.15,False,True,6000.0,48.52
2026-05-17 09:49:53,27.66,59.53,False,True,6000.0,31.85
2026-05-17 09:49:55,28.22,62.26,True,True,6000.0,20.74
2026-05-17 09:49:58,26.27,63.74,False,True,6000.0,38.14
2026-05-17 09:50:00,26.01,63.43,False,True,6000.0,49.25
2026-05-17 09:50:02,27.86,60.34,False,True,6000.0,26.41
2026-05-17 09:50:04,25.29,63.04,False,True,6000.0,49.72
2026-05-17 09:50:06,28.79,58.53,True,True,6000.0,23.51
2026-05-17 09:50:08,26.12,62.45,False,True,6000.0,29.42
2026-05-17 09:50:10,27.13,61.85,False,True,6000.0,27.3
2026-05-17 09:50:12,26.02,64.22,False,True,6000.0,44.9
2026-05-17 09:50:14,26.0,63.33,False,True,6000.0,39.12
2026-05-17 09:50:16,26.04,62.5,False,True,6000.0,46.14
2026-05-17 09:50:19,27.9,59.17,False,True,6000.0,30.59
2026-05-17 09:50:21,27.09,63.0,False,True,6000.0,41.15
2026-05-17 09:50:23,27.36,62.08,False,True,6000.0,31.71
2026-05-17 09:50:25,26.46,62.01,False,True,6000.0,44.65
2026-05-17 09:50:27,28.02,62.56,True,True,6000.0,33.79
2026-05-17 09:50:29,26.36,61.04,False,True,6000.0,25.7
2026-05-17 09:50:31,27.45,59.27,False,True,6000.0,37.68
2026-05-17 09:50:33,28.66,61.29,True,True,6000.0,20.14
2026-05-17 09:50:35,24.79,61.76,False,True,6000.0,45.45
2026-05-17 09:50:37,27.67,56.99,False,True,6000.0,27.97
2026-05-17 09:50:39,27.64,61.47,False,True,6000.0,37.34
2026-05-17 09:50:42,27.88,62.38,False,True,6000.0,28.01
2026-05-17 09:50:44,26.48,62.53,False,True,6000.0,48.79
2026-05-17 09:50:46,28.84,56.98,True,True,6000.0,20.7
2026-05-17 09:50:48,26.58,62.73,False,True,6000.0,29.73
2026-05-17 09:50:50,28.84,58.37,True,True,6000.0,23.51
2026-05-17 09:50:52,27.26,62.21,False,True,6000.0,23.31
2026-05-17 09:50:54,27.75,61.23,False,True,6000.0,30.28
2026-05-17 09:50:56,27.77,63.32,False,True,6000.0,42.25
2026-05-17 09:50:58,27.09,62.39,False,True,6000.0,40.57
2026-05-17 09:51:00,26.58,63.39,False,True,6000.0,49.52
2026-05-17 09:51:03,28.61,60.25,True,True,6000.0,25.14
2026-05-17 09:51:05,26.71,62.75,False,True,6000.0,29.36
2026-05-17 09:51:07,28.16,58.91,True,True,6000.0,29.58
2026-05-17 09:51:09,26.35,61.08,False,True,6000.0,38.59
2026-05-17 09:51:11,26.64,60.84,False,True,6000.0,46.51
2026-05-17 09:51:13,50.01,0.07,True,True,14798.4,0.0
2026-05-17 09:51:15,46.42,26.36,True,True,11703.88,0.0
2026-05-17 09:51:17,48.4,23.61,True,True,14417.86,0.0
2026-05-17 09:51:19,47.23,28.58,True,True,12886.15,0.0
2026-05-17 09:51:21,46.86,26.24,True,True,12621.43,0.0
2026-05-17 09:51:24,45.62,28.38,True,True,10472.05,0.0
2026-05-17 09:51:26,26.23,61.49,False,True,6000.0,34.94
2026-05-17 09:51:28,27.51,60.4,False,True,6000.0,36.92
2026-05-17 09:51:30,28.51,61.02,True,True,6000.0,38.38
2026-05-17 09:51:32,27.0,61.73,False,True,6000.0,37.88
2026-05-17 09:51:34,28.35,59.08,True,True,6000.0,32.18
2026-05-17 09:51:36,27.24,61.78,False,True,6000.0,30.2
2026-05-17 09:51:38,26.74,62.35,False,True,6000.0,45.99
2026-05-17 09:51:40,25.96,61.31,False,True,6000.0,48.55
2026-05-17 09:51:42,27.05,60.38,False,True,6000.0,42.73
2026-05-17 09:51:45,26.7,60.57,False,True,6000.0,45.23
2026-05-17 09:51:47,26.32,61.96,False,True,6000.0,47.8
2026-05-17 09:51:49,29.0,57.01,True,True,6000.0,22.49
2026-05-17 09:51:51,27.33,59.82,False,True,6000.0,31.34
2026-05-17 09:51:53,32.27,71.0,True,False,6000.0,41.98
2026-05-17 09:51:55,45.35,62.87,True,False,6000.0,51.96
2026-05-17 09:51:57,40.2,63.21,True,False,6000.0,45.76
2026-05-17 09:51:59,36.27,64.88,True,False,6000.0,44.13
2026-05-17 09:52:01,45.51,62.33,True,False,6000.0,47.76
2026-05-17 09:52:03,41.17,63.73,True,False,6000.0,49.74
2026-05-17 09:52:06,45.42,63.54,True,False,6000.0,51.68
2026-05-17 09:52:08,36.68,66.27,True,False,6000.0,45.36
2026-05-17 09:52:10,47.06,62.39,True,False,6000.0,54.01
2026-05-17 09:52:12,39.15,64.73,True,False,6000.0,44.28
2026-05-17 09:52:14,38.59,64.57,True,False,6000.0,48.88
2026-05-17 09:52:16,43.38,63.58,True,False,6000.0,45.03
2026-05-17 09:52:18,47.61,60.18,True,False,6000.0,51.91
2026-05-17 09:52:20,35.65,65.59,True,False,6000.0,47.22
2026-05-17 09:52:22,42.72,63.3,True,False,6000.0,47.41
2026-05-17 09:52:24,45.98,61.81,True,False,6000.0,50.18
2026-05-17 09:52:27,48.82,61.73,True,False,6000.0,54.29
2026-05-17 09:52:29,44.87,61.24,True,False,6000.0,46.08
2026-05-17 09:52:31,43.75,63.29,True,False,6000.0,49.45
2026-05-17 09:52:33,46.87,17.71,True,True,10883.3,0.0
2026-05-17 09:52:35,47.05,27.16,True,True,12297.85,0.0
2026-05-17 09:52:37,47.33,25.79,True,True,11416.56,0.0
2026-05-17 09:52:39,46.25,27.88,True,True,10395.03,0.0
2026-05-17 09:52:41,48.72,21.93,True,True,14204.51,0.0
2026-05-17 09:52:43,47.24,25.25,True,True,11562.12,0.0
2026-05-17 09:52:45,49.92,21.98,True,True,14578.04,0.0
2026-05-17 09:52:47,48.67,24.42,True,True,14144.75,0.0
2026-05-17 09:52:50,46.41,26.01,True,True,10285.77,0.0
2026-05-17 09:52:52,49.65,20.69,True,True,14054.06,0.0
2026-05-17 09:52:54,49.07,24.45,True,True,14787.03,0.0
2026-05-17 09:52:56,46.57,25.5,True,True,12225.85,0.0
2026-05-17 09:52:58,46.79,27.2,True,True,10873.74,0.0
2026-05-17 09:53:00,48.79,22.25,True,True,13537.67,0.0
2026-05-17 09:53:02,48.36,26.12,True,True,13564.69,0.0
2026-05-17 09:53:04,47.52,26.06,True,True,12198.2,0.0
2026-05-17 09:53:06,46.51,26.84,True,True,11238.84,0.0
2026-05-17 09:53:08,48.65,24.08,True,True,13892.2,0.0
2026-05-17 09:53:11,46.37,27.62,True,True,11091.43,0.0
2026-05-17 09:53:13,46.91,26.4,True,True,10285.83,0.0
2026-05-17 09:53:15,48.65,24.06,True,True,12388.97,0.0
2026-05-17 09:53:17,37.04,67.25,True,True,6000.0,46.64
2026-05-17 09:53:19,42.66,66.57,True,True,6000.0,48.47
2026-05-17 09:53:21,35.36,67.63,True,True,6000.0,43.21
2026-05-17 09:53:23,44.74,64.42,True,True,6000.0,45.22
2026-05-17 09:53:25,46.27,66.47,True,True,6000.0,49.06
2026-05-17 09:53:27,42.7,66.39,True,True,6000.0,41.53
2026-05-17 09:53:30,45.27,66.44,True,True,6000.0,47.28
2026-05-17 09:53:32,48.14,62.75,True,True,6000.0,42.54
2026-05-17 09:53:34,48.03,26.59,True,True,12346.1,0.0
2026-05-17 09:53:36,48.73,24.9,True,True,14734.06,0.0
2026-05-17 09:53:38,46.24,25.62,True,True,10394.1,0.0
2026-05-17 09:53:40,47.26,23.7,True,True,12899.74,0.0
2026-05-17 09:53:42,47.92,25.13,True,True,12061.35,0.0
2026-05-17 09:53:44,49.27,23.66,True,True,14446.23,0.0
2026-05-17 09:53:46,49.47,26.26,True,True,14987.41,0.0
2026-05-17 12:50:33,26.37,57.84,False,True,11636.99,0.0
2026-05-17 12:50:35,26.22,58.65,False,False,14954.38,0.0
2026-05-17 12:50:37,27.85,56.25,False,False,14350.11,0.0
2026-05-17 12:50:39,28.31,54.8,False,False,14977.4,0.0
2026-05-17 12:50:41,29.25,52.47,True,True,10445.69,0.0
2026-05-17 12:50:43,33.3,38.47,True,True,14104.12,0.0
2026-05-17 12:50:46,34.57,32.31,True,True,13003.85,0.0
2026-05-17 12:50:48,35.53,29.23,True,True,14516.38,0.0
2026-05-17 12:50:50,36.25,28.4,True,True,11282.95,0.0
2026-05-17 12:50:52,36.9,29.35,True,True,10916.88,0.0
2026-05-17 12:50:54,37.61,28.37,True,True,14028.44,0.0
2026-05-17 12:50:56,37.85,28.93,True,True,14476.21,0.0
2026-05-17 12:50:58,36.8,29.89,True,True,14268.93,0.0
2026-05-17 12:51:00,36.97,28.53,True,True,10216.56,0.0
2026-05-17 12:51:02,37.5,30.36,True,True,10281.09,0.0
2026-05-17 12:51:04,37.46,30.86,True,True,10361.72,0.0
2026-05-17 12:51:07,37.14,29.77,True,True,13375.53,0.0
2026-05-17 12:51:09,37.38,29.78,True,True,10378.14,0.0
2026-05-17 12:51:11,37.11,29.91,True,True,11064.28,0.0
2026-05-17 12:51:13,37.59,29.26,True,True,10440.37,0.0
2026-05-17 12:51:15,37.34,30.41,True,True,10486.82,0.0
2026-05-17 12:51:17,37.12,29.52,True,True,12241.49,0.0
2026-05-17 12:51:19,37.7,28.8,True,True,11040.82,0.0
2026-05-17 12:51:21,37.85,28.59,True,True,14892.53,0.0
2026-05-17 12:51:23,37.98,28.56,True,True,13636.72,0.0
2026-05-17 12:51:25,45.66,15.29,True,True,10702.96,0.0
2026-05-17 12:51:27,46.57,27.06,True,True,11820.01,0.0
2026-05-17 12:51:30,46.77,27.41,True,True,12985.3,0.0
2026-05-17 12:51:32,46.15,28.7,True,True,11365.05,0.0
2026-05-17 12:51:34,47.52,23.63,True,True,12379.51,0.0
2026-05-17 12:51:36,46.83,27.48,True,True,10521.25,0.0
2026-05-17 12:51:38,47.63,23.15,True,True,13293.38,0.0
2026-05-17 12:51:40,46.33,26.61,True,True,10867.2,0.0
2026-05-17 12:51:42,46.79,25.52,True,True,11582.92,0.0
2026-05-17 12:51:44,49.5,24.69,True,True,13912.4,0.0
2026-05-17 12:51:46,48.64,26.27,True,True,13608.23,0.0
2026-05-17 12:51:48,45.95,26.33,True,True,10284.16,0.0
2026-05-17 12:51:51,48.29,23.9,True,True,14245.42,0.0
2026-05-17 12:51:53,46.13,27.17,True,True,10693.75,0.0
2026-05-17 12:51:55,48.52,23.76,True,True,13810.21,0.0
2026-05-17 12:51:57,48.92,25.12,True,True,14996.51,0.0
2026-05-17 12:51:59,50.2,51.61,True,True,11270.97,100.0
2026-05-17 12:52:01,13.85,75.78,False,False,639.85,0.0
2026-05-17 12:52:03,14.9,73.41,False,False,682.38,0.0
2026-05-17 12:52:05,49.67,48.71,True,True,11384.66,100.0
2026-05-17 12:52:07,50.23,50.56,True,True,10596.75,100.0
2026-05-17 12:52:09,49.95,51.23,True,True,10899.62,100.0
2026-05-17 12:52:12,13.18,76.14,False,False,681.84,0.0
2026-05-17 12:52:14,15.34,72.27,False,False,1540.53,0.0
2026-05-17 12:52:16,50.15,50.07,True,True,10656.36,100.0
2026-05-17 12:52:18,50.26,50.72,True,True,10572.36,100.0
2026-05-17 12:52:20,14.49,75.67,False,False,11641.08,100.0
2026-05-17 12:52:22,14.91,72.91,False,False,574.65,0.0
2026-05-17 12:52:24,14.72,74.42,False,False,1041.12,0.0
2026-05-17 12:52:26,49.92,47.79,True,True,11041.11,100.0
2026-05-17 12:52:28,49.94,52.19,True,True,11641.53,100.0
2026-05-17 12:52:30,14.45,75.78,False,False,11783.77,100.0
2026-05-17 12:52:33,15.51,72.47,False,False,1702.86,0.0
2026-05-17 12:52:35,15.53,74.44,False,False,1787.8,0.0
2026-05-17 12:52:37,49.87,49.01,True,True,10728.73,100.0
2026-05-17 12:52:39,50.21,51.7,True,True,11106.41,100.0
2026-05-17 12:52:41,50.02,52.51,True,True,10887.2,100.0
2026-05-17 12:52:43,14.85,75.41,False,False,1901.37,0.0
2026-05-17 12:52:45,15.52,72.19,False,False,1637.44,0.0
2026-05-17 12:52:47,50.26,49.12,True,True,11202.89,100.0
2026-05-17 12:52:49,49.68,49.75,True,True,11294.0,100.0
2026-05-17 12:52:51,14.7,75.87,False,False,11720.41,100.0
2026-05-17 12:52:54,15.54,72.63,False,False,989.41,0.0
2026-05-17 12:52:56,15.36,71.98,False,False,1504.43,0.0
2026-05-17 12:52:58,50.35,50.09,True,True,11184.67,100.0
2026-05-17 12:53:00,49.76,49.77,True,True,11601.53,100.0
2026-05-17 12:53:02,14.15,75.87,False,False,10842.59,100.0
2026-05-17 12:53:04,15.77,69.88,False,False,1616.69,0.0
2026-05-17 12:53:06,15.53,75.17,False,False,1489.32,0.0
2026-05-17 12:53:08,49.51,49.67,True,True,10793.25,100.0
2026-05-17 12:53:10,50.17,50.26,True,True,10759.5,100.0
2026-05-17 12:53:12,49.87,50.37,True,True,10617.23,100.0
2026-05-17 12:53:15,14.08,76.51,False,False,1520.62,0.0
2026-05-17 12:53:17,16.02,71.61,False,False,1665.49,0.0
2026-05-17 12:53:19,49.93,48.88,True,True,11015.22,100.0
2026-05-17 12:53:21,50.43,50.7,True,True,11117.14,100.0
2026-05-17 12:53:23,14.15,74.14,False,False,11384.64,100.0
2026-05-17 12:53:25,16.18,72.4,False,False,1400.25,0.0
2026-05-17 12:53:27,15.64,73.17,False,False,1460.93,0.0
2026-05-17 12:53:29,49.75,49.44,True,True,11464.1,100.0
2026-05-17 12:53:31,50.23,51.43,True,True,11453.3,100.0
2026-05-17 12:53:34,49.61,49.78,True,True,11190.79,100.0
2026-05-17 12:53:36,13.73,75.18,False,False,1460.45,0.0
2026-05-17 12:53:38,14.87,71.57,False,False,1137.66,0.0
2026-05-17 12:53:40,50.22,46.36,True,True,11625.03,100.0
2026-05-17 12:53:42,49.9,50.29,True,True,10547.36,100.0
2026-05-17 12:53:44,14.68,75.52,False,False,11670.84,100.0
2026-05-17 12:53:46,14.46,73.95,False,False,920.64,0.0
2026-05-17 12:53:48,15.39,71.63,False,False,1772.01,0.0
2026-05-17 12:53:50,50.19,49.42,True,True,10839.75,100.0
2026-05-17 12:53:53,49.93,49.81,True,True,10786.81,100.0
2026-05-17 12:53:55,14.55,76.14,False,False,11774.71,100.0
2026-05-17 12:53:57,15.76,72.65,False,False,974.0,0.0
2026-05-17 12:53:59,15.24,75.18,False,False,1188.81,0.0
2026-05-17 12:54:01,50.25,48.72,True,True,11289.11,100.0
2026-05-17 12:54:03,50.38,51.45,True,True,11821.23,100.0
2026-05-17 12:54:05,49.77,51.89,True,True,11195.39,100.0
2026-05-17 12:54:07,14.02,75.35,False,False,1057.69,0.0
2026-05-17 12:54:09,15.66,72.79,False,False,1011.12,0.0
2026-05-17 12:54:11,49.55,48.98,True,True,11449.2,100.0
2026-05-17 12:54:14,49.51,49.77,True,True,11091.84,100.0
2026-05-17 12:54:16,50.2,51.06,True,True,11828.01,100.0
2026-05-17 12:54:18,13.32,74.76,False,False,872.35,0.0
2026-05-17 12:54:20,16.6,70.23,False,False,1809.01,0.0
2026-05-17 12:54:22,50.18,48.87,True,True,11098.62,100.0
2026-05-17 12:54:24,50.41,50.02,True,True,11079.82,100.0
2026-05-17 12:54:26,49.73,49.57,True,True,11183.68,100.0
2026-05-17 12:54:28,14.14,75.56,False,False,1546.78,0.0
2026-05-17 12:54:30,15.13,73.46,False,False,1677.02,0.0
2026-05-17 12:54:33,50.03,49.39,True,True,11165.47,100.0
2026-05-17 12:54:35,50.42,50.09,True,True,10543.55,100.0
2026-05-17 12:54:37,14.5,76.08,False,False,11328.12,100.0
2026-05-17 12:54:39,16.19,70.87,False,False,1790.76,0.0
2026-05-17 12:57:31,24.59,60.17,False,True,11526.39,100.0
2026-05-17 12:57:33,22.97,63.1,False,False,11689.45,100.0
2026-05-17 12:57:35,23.13,62.92,False,False,646.36,0.0
2026-05-17 12:57:37,22.56,63.36,False,False,919.1,0.0
2026-05-17 12:57:39,21.84,64.01,False,True,11966.64,100.0
2026-05-17 12:57:41,20.62,66.42,False,False,11647.5,100.0
2026-05-17 12:57:44,15.04,74.93,False,False,10817.89,100.0
2026-05-17 12:57:46,15.33,72.55,False,False,1454.12,0.0
2026-05-17 12:57:48,14.68,75.05,False,False,1171.86,0.0
2026-05-17 12:57:50,19.01,72.0,False,False,10838.55,100.0
2026-05-17 12:57:52,17.71,72.8,False,False,10875.85,100.0
2026-05-17 12:57:54,15.18,75.29,False,False,10773.78,100.0
2026-05-17 12:57:56,13.96,75.0,False,False,825.48,0.0
2026-05-17 12:57:58,14.9,73.85,False,False,1365.85,0.0
2026-05-17 12:58:00,19.59,72.29,False,False,11587.08,100.0
2026-05-17 12:58:02,18.15,73.52,False,False,10904.04,100.0
2026-05-17 12:58:05,15.37,73.73,False,False,11287.25,100.0
2026-05-17 12:58:07,15.3,73.77,False,False,1376.08,0.0
2026-05-17 12:58:09,15.95,72.84,False,False,1752.53,0.0
2026-05-17 12:58:11,19.33,74.06,False,False,11573.32,100.0
2026-05-17 12:58:13,16.52,74.67,False,False,11844.18,100.0
2026-05-17 12:58:15,14.5,74.3,False,False,10646.24,100.0
2026-05-17 12:58:17,16.22,71.53,False,False,1858.1,0.0
2026-05-17 12:58:19,14.77,73.62,False,False,957.17,0.0
2026-05-17 12:58:21,19.26,72.23,False,False,11496.65,100.0
2026-05-17 12:58:23,18.94,73.13,False,False,11499.03,100.0
2026-05-17 12:58:26,15.77,74.1,False,False,11564.58,100.0
2026-05-17 12:58:28,14.79,74.69,False,False,971.51,0.0
2026-05-17 12:58:30,14.85,73.23,False,False,1356.01,0.0
2026-05-17 12:58:32,20.12,71.78,False,False,11687.3,100.0
2026-05-17 12:58:34,16.2,74.53,False,False,11921.08,100.0
2026-05-17 12:58:36,14.79,74.33,False,False,11193.0,100.0
2026-05-17 12:58:38,15.05,73.57,False,False,895.83,0.0
2026-05-17 12:58:40,16.48,71.21,False,False,1920.29,0.0
2026-05-17 12:58:42,18.87,73.13,False,False,11498.37,100.0
2026-05-17 12:58:45,19.53,72.92,False,False,11771.78,100.0
2026-05-17 12:58:47,14.31,73.84,False,False,10709.86,100.0
2026-05-17 12:58:49,14.62,74.63,False,False,950.0,0.0
2026-05-17 12:58:51,15.16,73.5,False,False,1128.41,0.0
2026-05-17 12:58:53,19.04,72.82,False,False,11685.66,100.0
2026-05-17 12:58:55,18.18,73.66,False,False,11055.37,100.0
2026-05-17 12:58:57,15.28,73.82,False,False,10782.36,100.0
2026-05-17 12:58:59,14.43,73.3,False,False,822.62,0.0
2026-05-17 12:59:01,16.76,70.39,False,False,1864.73,0.0
2026-05-17 12:59:04,19.33,72.67,False,False,11467.59,100.0
2026-05-17 12:59:06,18.4,73.77,False,False,10620.05,100.0
2026-05-17 12:59:08,16.57,74.96,False,False,11644.94,100.0
2026-05-17 12:59:10,15.21,73.21,False,False,1626.68,0.0
2026-05-17 12:59:12,15.23,74.79,False,False,850.55,0.0
2026-05-17 12:59:14,19.4,73.0,False,False,11566.79,100.0
2026-05-17 12:59:16,16.43,75.24,False,False,11836.17,100.0
2026-05-17 12:59:18,50.42,-0.13,True,True,10347.51,0.0
2026-05-17 12:59:20,47.94,25.98,True,True,12791.68,0.0
2026-05-17 12:59:23,47.29,25.0,True,True,11497.74,0.0
2026-05-17 12:59:25,48.27,23.44,True,True,12356.22,0.0
2026-05-17 12:59:27,48.42,25.12,True,True,13772.48,0.0
2026-05-17 12:59:29,48.15,25.36,True,True,13409.43,0.0
2026-05-17 12:59:31,46.39,26.0,True,True,10015.51,0.0
2026-05-17 12:59:33,48.01,22.8,True,True,13773.17,0.0
2026-05-17 12:59:35,49.43,25.51,True,True,14567.54,0.0
2026-05-17 12:59:37,47.03,25.46,True,True,10941.92,0.0
2026-05-17 12:59:39,49.43,20.63,True,True,14808.94,0.0
2026-05-17 12:59:41,47.13,26.09,True,True,12090.92,0.0
2026-05-17 12:59:44,48.71,24.69,True,True,13506.7,0.0
2026-05-17 12:59:46,46.24,24.77,True,True,10017.4,0.0
2026-05-17 12:59:48,48.76,21.31,True,True,13922.93,0.0
2026-05-17 12:59:50,47.64,25.09,True,True,12124.97,0.0
2026-05-17 12:59:52,47.04,26.43,True,True,10441.9,0.0
2026-05-17 12:59:54,45.95,25.7,True,True,10147.53,0.0
2026-05-17 12:59:56,46.39,24.36,True,True,10597.64,0.0
2026-05-17 12:59:58,27.5,59.77,False,True,13571.23,100.0
2026-05-17 13:00:00,17.97,75.42,False,False,10805.14,100.0
2026-05-17 13:00:02,16.33,74.66,False,False,1823.12,0.0
2026-05-17 13:00:05,15.32,73.3,False,False,586.56,0.0
2026-05-17 13:00:07,19.17,72.94,False,False,10959.92,100.0
2026-05-17 13:00:09,18.68,73.04,False,False,10926.54,100.0
2026-05-17 13:00:11,15.85,74.76,False,False,11650.19,100.0
2026-05-17 13:00:13,16.09,73.12,False,False,1622.97,0.0
2026-05-17 13:00:15,15.74,74.94,False,False,1286.04,0.0
2026-05-17 13:00:17,28.02,42.0,True,True,11965.28,100.0
2026-05-17 13:00:19,25.84,61.81,False,True,11028.91,100.0
2026-05-17 13:00:21,29.39,56.51,False,False,3914.15,0.0
2026-05-17 13:00:24,27.91,59.95,False,False,1752.83,0.0
2026-05-17 13:00:26,27.57,58.54,False,False,2085.51,0.0
2026-05-17 13:00:28,28.44,59.3,True,True,11632.91,100.0
2026-05-17 13:00:30,27.27,62.36,False,False,12656.48,100.0
2026-05-17 13:00:32,27.27,58.76,False,False,11204.58,100.0
2026-05-17 13:00:34,28.54,56.44,False,False,2091.01,0.0
2026-05-17 13:00:36,27.9,59.47,False,False,1622.19,0.0
2026-05-17 13:00:38,28.07,57.63,True,True,11988.3,100.0
2026-05-17 13:00:40,26.86,60.98,False,True,12257.51,100.0
2026-05-17 13:00:42,27.54,59.54,False,False,11878.95,100.0
2026-05-17 13:00:45,28.44,58.17,False,False,2293.97,0.0
2026-05-17 13:00:47,30.1,56.11,False,False,3849.0,0.0
2026-05-17 13:00:49,28.2,60.11,True,True,11572.1,100.0
2026-05-17 13:00:51,17.56,74.3,False,False,11008.02,100.0
2026-05-17 13:00:53,15.45,73.64,False,False,11042.09,100.0
2026-05-17 13:00:55,15.4,72.97,False,False,909.97,0.0
2026-05-17 13:00:57,15.09,75.15,False,False,948.24,0.0
2026-05-17 13:00:59,19.31,72.05,False,False,11485.21,100.0
2026-05-17 13:01:01,18.43,72.41,False,False,10622.74,100.0
2026-05-17 13:01:03,15.42,74.2,False,False,11469.5,100.0
2026-05-17 13:01:06,15.26,74.65,False,False,1156.54,0.0
2026-05-17 13:01:08,16.0,73.33,False,False,1893.85,0.0
2026-05-17 13:01:10,19.82,73.32,False,False,11527.53,100.0
2026-05-17 13:01:12,19.97,72.23,False,False,11646.81,100.0
2026-05-17 13:01:14,15.38,73.87,False,False,11121.59,100.0
2026-05-17 13:01:16,50.04,-0.39,True,True,11403.05,0.0
2026-05-17 13:01:18,48.78,26.25,True,True,14508.02,0.0
2026-05-17 13:01:20,46.94,27.66,True,True,11956.82,0.0
2026-05-17 13:01:22,48.88,24.68,True,True,14482.12,0.0
2026-05-17 13:01:25,47.66,27.66,True,True,14161.99,0.0
2026-05-17 13:01:27,45.56,28.29,True,True,11529.41,0.0
2026-05-17 13:01:29,46.9,25.52,True,True,12801.93,0.0
2026-05-17 13:01:31,47.68,25.24,True,True,14179.39,0.0
2026-05-17 13:01:33,48.91,26.59,True,True,14645.54,0.0
2026-05-17 13:01:35,48.09,26.95,True,True,13624.82,0.0
2026-05-17 13:01:37,46.78,27.3,True,True,12056.88,0.0
2026-05-17 13:01:39,48.04,24.99,True,True,14224.32,0.0
2026-05-17 13:01:41,45.21,27.4,True,True,10155.19,0.0
2026-05-17 13:01:43,45.3,26.62,True,True,10429.41,0.0
2026-05-17 13:01:46,47.41,25.68,True,True,13123.32,0.0
2026-05-17 13:01:48,45.63,28.44,True,True,10918.83,0.0
2026-05-17 13:02:32,26.4,57.5,False,True,10213.28,0.0
2026-05-17 13:02:34,26.93,58.86,False,False,11786.3,0.0
2026-05-17 13:02:36,27.55,55.95,False,False,13807.51,0.0
2026-05-17 13:02:39,29.8,50.47,False,False,13436.68,0.0
2026-05-17 13:02:41,32.03,46.12,True,True,14680.28,0.0
2026-05-17 13:02:43,37.41,21.24,True,True,11272.53,0.0
2026-05-17 13:02:45,37.45,28.08,True,True,11647.93,0.0
2026-05-17 13:02:47,37.4,28.1,True,True,10018.47,0.0
2026-05-17 13:02:49,37.52,28.65,True,True,10209.09,0.0
2026-05-17 13:02:51,37.81,28.68,True,True,14772.13,0.0
2026-05-17 13:02:53,36.89,29.1,True,True,10702.31,0.0
2026-05-17 13:02:55,38.7,29.6,True,True,10374.35,0.0
2026-05-17 13:02:57,37.59,29.82,True,True,12082.61,0.0
2026-05-17 13:02:59,36.98,29.48,True,True,11307.19,0.0
2026-05-17 13:03:32,26.36,58.04,False,True,11809.26,0.0
2026-05-17 13:03:35,26.64,58.53,False,False,13542.71,0.0
2026-05-17 13:03:37,27.85,56.09,False,False,13215.36,0.0
2026-05-17 13:03:39,29.14,54.23,False,False,10901.29,0.0
2026-05-17 13:03:41,29.63,52.07,True,True,11635.63,0.0
2026-05-17 13:03:43,33.82,36.87,True,True,14595.27,0.0
2026-05-17 13:03:45,35.15,31.07,True,True,11498.53,0.0
2026-05-17 13:03:47,36.73,27.82,True,True,12743.28,0.0
2026-05-17 13:03:49,38.04,27.46,True,True,11585.57,0.0
2026-05-17 13:03:51,37.77,26.99,True,True,13289.37,0.0
2026-05-17 13:05:19,24.01,60.21,False,True,10593.11,100.0
2026-05-17 13:05:22,22.93,63.01,False,False,11724.69,100.0
2026-05-17 13:05:24,23.84,63.23,False,False,1810.52,0.0
2026-05-17 13:05:26,23.24,62.21,False,False,2489.14,0.0
2026-05-17 13:05:28,23.79,62.47,False,True,11674.36,100.0
2026-05-17 13:05:30,23.19,68.42,False,False,12865.15,100.0
2026-05-17 13:05:32,23.2,67.37,False,False,3099.1,0.0
2026-05-17 13:05:34,23.81,65.97,False,False,3886.59,0.0
2026-05-17 13:05:36,25.02,65.39,False,False,3661.58,0.0
2026-05-17 13:05:38,24.65,63.85,False,True,11620.42,100.0
2026-05-17 13:05:41,23.84,71.08,False,False,11067.1,100.0
2026-05-17 13:05:43,24.06,68.78,False,False,3810.65,0.0
2026-05-17 13:05:45,24.99,68.29,False,False,3865.8,0.0
2026-05-17 13:05:47,24.75,66.73,False,False,3644.15,0.0
2026-05-17 13:05:49,25.4,66.68,False,True,13319.86,100.0
2026-05-17 13:05:51,24.24,72.92,False,False,13214.88,100.0
2026-05-17 13:05:53,24.41,71.7,False,False,2465.68,0.0
2026-05-17 13:05:55,25.1,69.92,False,False,1854.0,0.0
2026-05-17 13:05:57,25.32,68.87,False,False,2217.81,0.0
2026-05-17 13:05:59,25.21,68.23,False,True,11869.07,100.0
2026-05-17 13:06:02,23.82,73.94,False,False,13930.47,100.0
2026-05-17 13:06:04,24.28,72.67,False,False,11964.84,100.0
2026-05-17 13:06:06,24.75,71.74,False,False,2499.0,0.0
2026-05-17 13:06:08,25.41,70.9,False,False,1553.9,0.0
2026-05-17 13:06:10,25.51,69.23,False,True,13163.75,100.0
2026-05-17 13:06:12,24.53,75.56,False,False,13785.67,100.0
2026-05-17 13:06:14,24.19,74.2,False,False,11029.54,100.0
2026-05-17 13:06:16,25.41,73.18,False,False,3247.99,0.0
2026-05-17 13:06:18,25.17,71.26,False,False,3061.68,0.0
2026-05-17 13:06:21,25.53,70.68,False,False,13995.41,100.0
2026-05-17 13:06:23,25.4,69.69,False,False,12392.37,100.0
2026-05-17 13:06:25,26.11,69.18,False,False,11674.62,100.0
2026-05-17 13:06:27,25.85,68.56,False,False,3987.21,0.0
2026-05-17 13:06:29,25.85,68.25,False,False,2557.13,0.0
2026-05-17 13:06:31,26.0,67.44,False,True,11747.42,100.0
2026-05-17 13:06:33,25.02,71.84,False,False,11554.72,100.0
2026-05-17 13:06:35,25.62,71.31,False,False,3236.42,0.0
2026-05-17 13:06:37,25.36,69.5,False,False,3950.41,0.0
2026-05-17 13:06:40,25.42,69.16,False,False,3522.41,0.0
2026-05-17 13:06:42,25.74,68.14,False,True,13436.0,100.0
2026-05-17 13:06:44,27.86,70.3,False,False,13599.55,0.0
2026-05-17 13:06:46,29.72,64.04,False,False,11486.06,0.0
2026-05-17 13:06:48,32.77,58.49,True,False,13976.42,0.0
2026-05-17 13:06:50,39.04,12.56,True,True,13122.69,0.0
2026-05-17 13:06:52,38.59,29.02,True,True,12230.77,0.0
2026-05-17 13:06:54,37.68,28.09,True,True,12064.62,0.0
2026-05-17 13:06:56,38.39,25.93,True,True,10078.68,0.0
2026-05-17 13:06:59,38.23,26.73,True,True,11967.08,0.0
2026-05-17 13:07:01,37.89,27.33,True,True,12997.63,0.0
2026-05-17 13:07:03,37.6,26.79,True,True,13633.07,0.0
2026-05-17 13:07:05,37.31,27.01,True,True,13840.58,0.0
2026-05-17 13:07:07,37.69,30.04,True,True,11211.47,0.0
2026-05-17 13:07:09,38.14,27.31,True,True,10067.57,0.0
2026-05-17 13:07:11,37.23,31.06,True,True,12892.32,0.0
2026-05-17 13:07:13,38.15,27.48,True,True,12926.1,0.0
2026-05-17 13:07:15,38.34,27.08,True,True,13206.76,0.0
2026-05-17 13:07:17,37.77,30.04,True,True,13283.38,0.0
2026-05-17 13:07:20,38.23,28.27,True,True,11533.03,0.0
2026-05-17 13:07:22,37.97,29.33,True,True,11453.12,0.0
2026-05-17 13:07:24,38.24,29.93,True,True,11830.36,0.0
2026-05-17 13:07:26,38.24,30.12,True,True,13037.03,0.0
2026-05-17 13:07:28,37.87,29.42,True,True,12119.37,0.0
2026-05-17 13:07:30,37.6,30.98,True,True,10465.64,0.0
2026-05-17 13:07:32,37.44,29.76,True,True,11765.22,0.0
2026-05-17 13:07:34,38.03,25.96,True,True,10975.3,0.0
2026-05-17 13:07:36,37.8,30.03,True,True,14192.48,0.0
2026-05-17 13:07:39,37.43,27.18,True,True,13870.14,0.0
2026-05-17 13:07:41,38.05,28.32,True,True,14902.31,0.0
2026-05-17 13:07:43,38.66,26.47,True,True,12234.78,0.0
2026-05-17 13:07:45,37.15,27.21,True,True,11913.56,0.0
2026-05-17 13:07:47,38.3,27.14,True,True,14586.74,0.0
2026-05-17 13:07:49,37.48,29.33,True,True,12613.71,0.0
2026-05-17 13:07:51,36.93,29.87,True,True,13792.53,0.0
2026-05-17 13:07:53,37.61,29.62,True,True,10987.88,0.0
2026-05-17 13:07:55,37.99,29.89,True,True,11461.14,0.0
2026-05-17 13:07:57,37.64,28.05,True,True,11722.09,0.0
2026-05-17 13:08:00,37.07,27.33,True,True,14765.51,0.0
2026-05-17 13:08:02,37.91,27.58,True,True,10534.34,0.0
2026-05-17 13:08:04,37.72,26.99,True,True,10872.76,0.0
2026-05-17 13:08:06,37.52,30.05,True,True,14920.22,0.0
2026-05-17 13:08:08,37.56,27.05,True,True,13953.12,0.0
2026-05-17 13:08:10,38.35,27.3,True,True,11283.04,0.0
2026-05-17 13:08:12,37.56,29.52,True,True,10093.04,0.0
2026-05-17 13:08:14,38.23,26.5,True,True,11112.32,0.0
2026-05-17 13:08:17,37.96,28.51,True,True,10841.13,0.0
2026-05-17 13:08:19,38.11,30.01,True,True,14620.42,0.0
2026-05-17 13:08:21,37.17,30.3,True,True,10665.23,0.0
2026-05-17 13:08:23,37.08,27.92,True,True,14489.41,0.0
2026-05-17 13:08:25,37.83,27.59,True,True,10308.41,0.0
2026-05-17 13:08:27,37.45,28.79,True,True,11857.13,0.0
2026-05-17 13:08:29,37.6,29.4,True,True,13415.9,0.0
2026-05-17 13:08:31,25.16,60.98,False,False,3418.28,0.0
2026-05-17 13:08:33,24.81,60.59,False,False,2986.27,0.0
2026-05-17 13:08:36,25.19,60.21,False,False,2646.53,0.0
2026-05-17 13:08:38,25.17,59.49,False,True,12455.43,100.0
2026-05-17 13:08:40,24.49,65.31,False,False,12310.32,100.0
2026-05-17 13:08:42,24.32,64.54,False,False,3471.66,0.0
2026-05-17 13:08:44,25.36,63.8,False,False,2120.39,0.0
2026-05-17 13:08:46,25.51,63.86,False,False,3018.83,0.0
2026-05-17 13:08:48,25.32,62.78,False,True,11021.17,100.0
2026-05-17 13:08:50,24.5,69.16,False,False,12145.35,100.0
2026-05-17 13:08:52,25.11,68.24,False,False,2055.57,0.0
2026-05-17 13:08:55,25.29,66.65,False,False,1834.52,0.0
2026-05-17 13:08:57,24.92,66.64,False,False,2055.55,0.0
2026-05-17 13:08:59,24.97,65.63,False,True,12541.87,100.0
2026-05-17 13:09:01,23.7,71.46,False,False,11807.11,100.0
2026-05-17 13:09:03,24.47,69.85,False,False,3681.52,0.0
2026-05-17 13:09:05,24.28,69.18,False,False,1824.88,0.0
2026-05-17 13:09:07,25.18,68.56,False,False,3041.92,0.0
2026-05-17 13:09:09,25.07,67.66,False,True,12800.37,100.0
2026-05-17 13:09:11,24.01,74.51,False,False,11168.87,100.0
2026-05-17 13:09:14,24.6,73.34,False,False,11089.78,100.0
2026-05-17 13:09:16,24.09,72.51,False,False,1523.74,0.0
2026-05-17 13:09:18,24.63,71.1,False,False,1393.97,0.0
2026-05-17 13:09:20,25.38,70.28,False,False,11785.84,100.0
2026-05-17 13:09:22,25.64,69.64,False,False,12610.01,100.0
2026-05-17 13:09:24,25.07,68.45,False,False,3924.35,0.0
2026-05-17 13:09:26,25.95,68.49,False,False,2186.63,0.0
2026-05-17 13:09:28,25.61,67.64,False,False,2368.25,0.0
2026-05-17 13:09:30,25.59,66.62,False,True,11538.01,100.0
2026-05-17 13:09:32,23.89,73.17,False,False,12715.16,100.0
2026-05-17 13:09:35,24.21,71.83,False,False,2435.77,0.0
2026-05-17 13:09:37,24.75,70.36,False,False,3143.95,0.0
2026-05-17 13:09:39,25.56,70.35,False,False,2222.18,0.0
2026-05-17 13:09:41,25.67,68.68,False,True,12690.53,100.0
2026-05-17 13:09:43,23.87,74.03,False,False,13212.18,100.0
2026-05-17 13:09:45,24.74,72.71,False,False,2531.13,0.0
2026-05-17 13:09:47,24.71,71.91,False,False,2713.3,0.0
2026-05-17 13:09:49,24.41,70.81,False,False,1440.44,0.0
2026-05-17 13:09:51,25.51,70.32,False,False,11274.73,100.0
2026-05-17 13:09:54,24.79,68.82,False,False,12389.4,100.0
2026-05-17 13:09:56,25.18,68.33,False,False,2562.53,0.0
2026-05-17 13:09:58,25.32,67.45,False,False,3945.86,0.0
2026-05-17 13:10:00,25.6,66.95,False,False,3780.19,0.0
2026-05-17 13:10:02,25.75,66.64,False,True,12467.71,100.0
2026-05-17 13:10:04,24.07,71.95,False,False,13027.96,100.0
2026-05-17 13:10:06,24.71,71.89,False,False,2366.38,0.0
2026-05-17 13:10:08,25.22,70.36,False,False,2374.58,0.0
2026-05-17 13:10:10,25.33,69.38,False,False,1304.29,0.0
2026-05-17 13:10:13,25.48,69.56,False,True,11997.68,100.0
2026-05-17 13:10:15,24.13,74.4,False,False,11482.71,100.0
2026-05-17 13:10:17,23.8,73.31,False,False,3542.35,0.0
2026-05-17 13:10:19,24.53,72.28,False,False,1711.26,0.0
2026-05-17 13:10:21,24.34,71.72,False,False,3570.97,0.0
2026-05-17 13:10:23,24.74,70.62,False,False,12479.5,100.0
2026-05-17 13:10:25,24.94,69.36,False,False,13178.21,100.0
2026-05-17 13:10:27,25.44,69.66,False,False,11075.96,100.0
2026-05-17 13:10:29,25.58,68.92,False,False,3166.08,0.0
2026-05-17 13:10:32,25.88,67.9,False,False,2472.56,0.0
2026-05-17 13:10:34,25.25,68.3,False,True,12222.19,100.0
2026-05-17 13:10:36,24.07,74.79,False,False,11714.78,100.0
2026-05-17 13:10:38,24.54,73.47,False,False,11328.66,100.0
2026-05-17 13:10:40,24.77,72.63,False,False,1419.15,0.0
2026-05-17 13:10:42,24.45,72.31,False,False,1745.53,0.0
2026-05-17 13:10:44,24.47,71.34,False,False,11293.34,100.0
2026-05-17 13:10:46,22.53,71.94,False,False,10885.39,100.0
2026-05-17 13:10:49,21.95,71.38,False,False,10905.14,100.0
2026-05-17 13:10:51,20.58,72.09,False,False,770.95,0.0
2026-05-17 13:10:53,19.39,72.35,False,False,532.24,0.0
2026-05-17 13:10:55,18.67,71.93,False,False,10518.55,100.0
2026-05-17 13:10:57,21.5,64.82,False,False,12494.33,0.0
2026-05-17 13:10:59,25.39,58.52,False,False,13342.92,0.0
2026-05-17 13:11:01,27.17,53.24,False,False,10199.15,0.0
2026-05-17 13:11:03,29.8,48.19,False,False,12297.22,0.0
2026-05-17 13:11:05,31.76,44.44,True,True,11851.71,0.0
2026-05-17 13:11:08,36.3,26.52,True,True,13881.15,0.0
2026-05-17 13:11:10,35.49,32.2,True,True,14093.67,0.0
2026-05-17 13:11:12,36.2,33.15,True,True,12623.46,0.0
2026-05-17 13:11:14,35.6,29.89,True,True,10737.42,0.0
2026-05-17 13:11:16,35.69,31.76,True,True,10782.22,0.0
2026-05-17 13:11:18,35.86,31.35,True,True,12001.85,0.0
2026-05-17 13:11:20,23.22,61.4,False,False,2514.21,0.0
2026-05-17 13:11:22,23.49,61.36,False,False,0.0,0.0
2026-05-17 13:11:24,23.55,61.32,False,False,0.0,0.0
2026-05-17 13:11:27,23.52,60.75,False,True,10000.0,100.0
2026-05-17 13:11:29,21.83,67.36,False,False,10000.0,100.0
2026-05-17 13:11:31,22.28,66.49,False,False,10000.0,100.0
2026-05-17 13:11:33,22.9,65.7,False,False,0.0,0.0
2026-05-17 13:11:35,23.0,65.34,False,False,0.0,0.0
2026-05-17 13:11:37,23.57,64.98,False,True,10000.0,100.0
2026-05-17 13:11:39,22.04,70.05,False,False,10000.0,100.0
2026-05-17 13:11:41,22.4,69.35,False,False,10000.0,100.0
2026-05-17 13:11:43,22.19,68.39,False,False,0.0,0.0
2026-05-17 13:11:46,22.34,68.23,False,False,0.0,0.0
2026-05-17 13:11:48,23.07,67.29,False,True,10000.0,100.0
2026-05-17 13:11:50,21.48,73.19,False,False,10000.0,100.0
2026-05-17 13:11:52,22.01,71.41,False,False,10000.0,100.0
2026-05-17 13:11:54,21.9,71.14,False,False,0.0,0.0
2026-05-17 13:11:56,22.49,70.4,False,False,0.0,0.0
2026-05-17 13:11:58,22.68,69.65,False,True,10000.0,100.0
2026-05-17 13:12:00,21.71,75.58,False,False,10000.0,100.0
2026-05-17 13:12:03,21.47,74.55,False,False,10000.0,100.0
2026-05-17 13:12:05,22.23,73.23,False,False,0.0,0.0
2026-05-17 13:12:07,22.31,72.0,False,False,0.0,0.0
2026-05-17 13:12:09,23.01,71.44,False,False,10000.0,100.0
2026-05-17 13:12:11,23.44,70.42,False,False,10000.0,100.0
2026-05-17 13:12:13,22.9,70.12,False,False,10000.0,100.0
2026-05-17 13:12:15,23.38,69.36,False,False,0.0,0.0
2026-05-17 13:12:17,23.06,68.83,False,False,0.0,0.0
2026-05-17 13:12:20,23.43,67.93,False,True,10000.0,100.0
2026-05-17 13:12:22,21.93,73.87,False,False,10000.0,100.0
2026-05-17 13:12:24,22.27,73.26,False,False,10000.0,100.0
2026-05-17 13:12:26,23.17,71.72,False,False,0.0,0.0
2026-05-17 13:12:28,22.93,71.48,False,False,0.0,0.0
2026-05-17 13:12:30,23.46,70.13,False,False,10000.0,100.0
2026-05-17 13:12:32,23.22,69.59,False,False,10000.0,100.0
2026-05-17 13:12:34,23.56,69.69,False,False,10000.0,100.0
2026-05-17 13:12:37,22.92,69.7,False,False,0.0,0.0
2026-05-17 13:12:39,22.7,69.2,False,False,0.0,0.0
2026-05-17 13:12:41,22.75,68.79,False,True,10000.0,100.0
2026-05-17 13:12:43,21.34,74.76,False,False,10000.0,100.0
2026-05-17 13:12:45,21.73,73.6,False,False,10000.0,100.0
2026-05-17 13:12:47,21.92,73.03,False,False,0.0,0.0
2026-05-17 13:12:49,22.14,71.8,False,False,0.0,0.0
2026-05-17 13:12:51,22.58,71.99,False,False,10000.0,100.0
2026-05-17 13:12:53,22.49,71.42,False,False,10000.0,100.0
2026-05-17 13:12:56,23.07,70.57,False,False,10000.0,100.0
2026-05-17 13:12:58,23.02,69.65,False,False,0.0,0.0
2026-05-17 13:13:00,22.85,69.33,False,False,0.0,0.0
2026-05-17 13:13:02,22.65,69.14,False,True,10000.0,100.0
2026-05-17 13:13:04,21.11,73.93,False,False,10000.0,100.0
2026-05-17 13:13:06,22.16,73.1,False,False,10000.0,100.0
2026-05-17 13:13:08,22.18,72.83,False,False,0.0,0.0
2026-05-17 13:13:10,22.35,72.01,False,False,0.0,0.0
2026-05-17 13:13:12,22.45,70.55,False,False,10000.0,100.0
2026-05-17 13:13:15,22.09,70.0,False,False,10000.0,100.0
2026-05-17 13:13:17,22.59,70.28,False,False,10000.0,100.0
2026-05-17 13:13:19,23.13,69.22,False,False,0.0,0.0
2026-05-17 13:13:21,22.96,69.0,False,False,0.0,0.0
2026-05-17 13:13:23,22.72,68.28,False,True,10000.0,100.0
2026-05-17 13:13:25,21.32,74.45,False,False,10000.0,100.0
2026-05-17 13:13:27,21.63,73.35,False,False,10000.0,100.0
2026-05-17 13:13:29,21.81,72.83,False,False,0.0,0.0
2026-05-17 13:13:32,22.12,72.64,False,False,0.0,0.0
2026-05-17 13:13:34,22.09,71.17,False,False,10000.0,100.0
2026-05-17 13:13:36,22.57,70.92,False,False,10000.0,100.0
2026-05-17 13:13:38,22.36,70.22,False,False,10000.0,100.0
2026-05-17 13:13:40,22.52,70.36,False,False,0.0,0.0
2026-05-17 13:13:42,21.32,70.52,False,False,0.0,0.0
2026-05-17 13:13:44,19.66,70.72,False,False,10000.0,100.0
2026-05-17 13:13:46,18.34,70.98,False,False,10000.0,100.0
2026-05-17 13:13:48,16.53,71.36,False,False,10000.0,100.0
2026-05-17 13:13:51,16.0,72.63,False,False,0.0,0.0
2026-05-17 13:13:53,14.96,73.11,False,False,0.0,0.0
2026-05-17 13:13:55,18.18,71.75,False,False,10000.0,100.0
2026-05-17 13:13:57,16.48,72.14,False,False,10000.0,100.0
2026-05-17 13:13:59,15.65,73.11,False,False,10000.0,100.0
2026-05-17 13:14:01,14.89,73.31,False,False,0.0,0.0
2026-05-17 13:14:03,13.99,73.21,False,False,0.0,0.0
2026-05-17 13:14:05,17.14,72.29,False,False,10000.0,100.0
2026-05-17 13:14:08,16.62,73.12,False,False,10000.0,100.0
2026-05-17 13:14:10,15.16,73.25,False,False,10000.0,100.0
2026-05-17 13:14:10,25.56,59.74,True,True,12894.42,100.0
2026-05-17 13:14:12,14.17,74.36,False,False,0.0,0.0
2026-05-17 13:14:12,25.01,61.21,True,False,2230.16,0.0
2026-05-17 13:14:14,14.11,74.52,False,False,0.0,0.0
2026-05-17 13:14:14,25.14,59.04,False,False,3977.8,0.0
2026-05-17 13:14:16,16.73,73.34,False,False,10000.0,100.0
2026-05-17 13:14:16,24.63,59.62,False,False,3424.87,0.0
2026-05-17 13:14:18,19.82,72.82,False,False,10000.0,100.0
2026-05-17 13:14:18,24.95,58.87,False,True,13587.85,100.0
2026-05-17 13:14:20,18.27,73.42,False,False,10000.0,100.0
2026-05-17 13:14:20,24.77,61.68,False,True,13917.63,100.0
2026-05-17 13:14:22,16.97,73.87,False,False,0.0,0.0
2026-05-17 13:14:23,24.17,67.9,False,False,2237.34,0.0
2026-05-17 13:14:24,15.79,73.91,False,False,0.0,0.0
2026-05-17 13:14:25,24.44,66.81,False,False,1262.16,0.0
2026-05-17 13:14:27,19.32,73.01,False,False,10000.0,100.0
2026-05-17 13:14:27,24.29,66.27,False,False,2001.62,0.0
2026-05-17 13:14:29,17.41,73.07,False,False,10000.0,100.0
2026-05-17 13:14:29,25.32,65.43,True,True,12531.95,100.0
2026-05-17 13:14:31,16.13,73.84,False,False,10000.0,100.0
2026-05-17 13:14:31,23.81,65.1,False,False,13139.19,100.0
2026-05-17 13:14:33,15.89,73.84,False,False,0.0,0.0
2026-05-17 13:14:33,23.61,63.59,False,False,3675.96,0.0
2026-05-17 13:14:35,14.21,74.38,False,False,0.0,0.0
2026-05-17 13:14:35,23.99,63.17,False,False,2884.77,0.0
2026-05-17 13:14:37,17.98,73.27,False,False,10000.0,100.0
2026-05-17 13:14:37,24.79,61.74,False,False,2884.89,0.0
2026-05-17 13:14:39,16.54,73.97,False,False,10000.0,100.0
2026-05-17 13:14:39,24.84,61.65,False,True,12881.48,100.0
2026-05-17 13:14:41,15.67,74.07,False,False,10000.0,100.0
2026-05-17 13:14:42,24.1,68.44,False,False,12845.87,100.0
2026-05-17 13:14:43,14.36,74.37,False,False,0.0,0.0
2026-05-17 13:14:44,24.6,66.75,False,False,2692.58,0.0
2026-05-17 13:14:46,14.09,74.42,False,False,0.0,0.0
2026-05-17 13:14:46,24.32,65.91,False,False,3150.32,0.0
2026-05-17 13:14:48,17.31,73.54,False,False,10000.0,100.0
2026-05-17 13:14:48,25.22,65.89,False,False,1147.71,0.0
2026-05-17 13:14:50,19.82,72.98,False,False,10000.0,100.0
2026-05-17 13:14:50,24.87,64.49,False,True,12124.74,100.0
2026-05-17 13:14:52,18.78,73.39,False,False,10000.0,100.0
2026-05-17 13:14:52,24.25,70.08,False,False,12468.14,100.0
2026-05-17 13:14:54,17.4,73.33,False,False,0.0,0.0
2026-05-17 13:14:54,24.26,68.72,False,False,2127.81,0.0
2026-05-17 13:14:56,16.51,74.21,False,False,0.0,0.0
2026-05-17 13:14:56,24.71,67.68,False,False,3090.42,0.0
2026-05-17 13:14:58,19.06,73.7,False,False,10000.0,100.0
2026-05-17 13:14:58,25.19,66.97,False,False,2329.2,0.0
2026-05-17 13:15:00,17.47,74.0,False,False,10000.0,100.0
2026-05-17 13:15:01,25.75,66.13,True,True,13869.39,100.0
2026-05-17 13:15:03,16.28,74.11,False,False,10000.0,100.0
2026-05-17 13:15:03,24.35,61.99,False,True,12065.68,100.0
2026-05-17 13:15:05,15.18,74.73,False,False,0.0,0.0
2026-05-17 13:15:05,23.09,69.38,False,False,2651.28,0.0
2026-05-17 13:15:07,14.47,75.46,False,False,0.0,0.0
2026-05-17 13:15:07,23.3,67.8,False,False,2834.15,0.0
2026-05-17 13:15:09,17.07,74.7,False,False,10000.0,100.0
2026-05-17 13:15:09,23.5,66.57,False,False,1264.56,0.0
2026-05-17 13:15:11,16.34,74.99,False,False,10000.0,100.0
2026-05-17 13:15:11,24.38,65.04,False,True,12019.17,100.0
2026-05-17 13:15:13,15.19,74.86,False,False,10000.0,100.0
2026-05-17 13:15:13,21.13,73.38,False,False,11337.67,100.0
2026-05-17 13:15:15,13.9,75.87,False,False,0.0,0.0
2026-05-17 13:15:15,20.28,73.65,False,False,11314.3,100.0
2026-05-17 13:15:17,13.51,75.35,False,False,0.0,0.0
2026-05-17 13:15:17,19.44,73.24,False,False,762.81,0.0
2026-05-17 13:15:19,18.3,74.11,False,False,1851.59,0.0
2026-05-17 13:15:19,16.06,74.76,False,False,10000.0,100.0
2026-05-17 13:15:22,18.99,73.67,False,False,10000.0,100.0
2026-05-17 13:15:22,18.37,73.42,False,False,11388.68,100.0
2026-05-17 13:15:24,17.29,73.34,False,False,11649.2,100.0
2026-05-17 13:15:24,17.15,74.59,False,False,10000.0,100.0
2026-05-17 13:15:26,16.68,73.38,False,False,11264.66,100.0
2026-05-17 13:15:26,16.66,74.34,False,False,0.0,0.0
2026-05-17 13:15:28,17.42,72.76,False,False,0.0,0.0
2026-05-17 13:15:28,21.49,64.94,False,False,14812.69,0.0
2026-05-17 13:15:30,21.21,71.13,False,False,10000.0,100.0
2026-05-17 13:15:30,25.06,57.33,False,False,11891.01,0.0
2026-05-17 13:15:32,28.04,51.24,True,True,12743.83,0.0

2026-05-17 13:15:34,21.67,70.31,False,False,10000.0,100.0
2026-05-17 13:15:34,37.68,17.6,True,True,10276.38,0.0
2026-05-17 13:15:36,38.02,24.92,True,True,10016.33,0.0
2026-05-17 13:15:36,20.98,70.52,False,False,0.0,0.0
2026-05-17 13:15:39,21.44,70.65,False,False,0.0,0.0
2026-05-17 13:15:39,37.53,26.36,True,True,12800.78,0.0
2026-05-17 13:15:41,38.48,28.04,True,True,13391.32,0.0

2026-05-17 13:15:43,19.54,75.73,False,False,10000.0,100.0
2026-05-17 13:15:43,37.8,27.55,True,True,11438.3,0.0
2026-05-17 13:15:45,19.79,75.45,False,False,10000.0,100.0
2026-05-17 13:15:45,38.21,25.1,True,True,10847.48,0.0
2026-05-17 13:15:47,38.06,25.96,True,True,12141.16,0.0
2026-05-17 13:15:47,20.24,74.25,False,False,0.0,0.0
2026-05-17 13:15:49,38.48,29.33,True,True,13291.69,0.0
2026-05-17 13:15:51,38.04,28.12,True,True,10256.96,0.0
2026-05-17 13:15:51,20.44,73.53,False,False,10000.0,100.0
2026-05-17 13:15:53,37.98,27.55,True,True,13964.28,0.0
2026-05-17 13:15:53,20.27,73.01,False,False,10000.0,100.0
2026-05-17 13:15:55,20.83,72.78,False,False,10000.0,100.0
2026-05-17 13:15:58,37.95,28.84,True,True,12576.17,0.0
2026-05-17 13:15:58,20.44,71.64,False,False,0.0,0.0
2026-05-17 13:16:00,20.82,71.38,False,False,0.0,0.0
0
2026-05-17 13:16:02,20.69,71.61,False,False,10000.0,100.0
2026-05-17 13:16:02,37.96,26.73,True,True,14296.56,0.0
2026-05-17 13:16:04,37.75,28.1,True,True,12707.08,0.0
2026-05-17 13:16:04,21.22,70.78,False,False,10000.0,100.0
2026-05-17 13:16:06,21.35,70.72,False,False,10000.0,100.0
2026-05-17 13:16:06,38.15,29.68,True,True,10373.97,0.0
2026-05-17 13:16:08,21.27,70.63,False,False,0.0,0.0
0
2026-05-17 13:16:10,18.63,71.08,False,False,0.0,0.0
2026-05-17 13:16:10,37.74,29.41,True,True,12121.64,0.0
2026-05-17 13:16:12,20.82,70.89,False,False,10000.0,100.0
2026-05-17 13:16:14,18.85,71.7,False,False,10000.0,100.0
2026-05-17 13:16:14,37.01,27.47,True,True,14241.0,0.0
2026-05-17 13:16:17,17.59,71.95,False,False,10000.0,100.0
2026-05-17 13:16:17,38.14,28.28,True,True,13503.36,0.0
2026-05-17 13:16:19,16.14,72.01,False,False,0.0,0.0
2026-05-17 13:16:19,38.45,28.0,True,True,14682.02,0.0
2026-05-17 13:16:21,38.27,27.66,True,True,11838.54,0.0
2026-05-17 13:16:21,14.51,72.75,False,False,0.0,0.0
2026-05-17 13:16:23,17.59,72.34,False,False,10000.0,100.0
2026-05-17 13:16:23,37.88,29.37,True,True,12822.81,0.0
2026-05-17 13:16:25,20.28,71.52,False,False,10000.0,100.0
2026-05-17 13:16:27,37.32,29.53,True,True,12674.94,0.0
2026-05-17 13:16:27,18.49,72.34,False,False,10000.0,100.0
2026-05-17 13:16:29,16.86,73.39,False,False,0.0,0.0
2026-05-17 13:16:29,37.35,28.27,True,True,14291.89,0.0
2026-05-17 13:16:31,17.46,72.09,False,False,0.0,0.0
2026-05-17 13:16:31,37.62,25.56,True,True,11415.79,0.0
2026-05-17 13:16:34,21.53,70.03,False,False,10000.0,100.0
2026-05-17 13:16:36,13.51,76.82,False,False,11359.02,100.0
2026-05-17 13:16:36,20.79,69.39,False,False,10000.0,100.0
2026-05-17 13:16:38,20.61,69.96,False,False,10000.0,100.0
2026-05-17 13:16:40,12.99,76.94,False,False,11025.68,100.0
2026-05-17 13:16:40,20.53,69.72,False,False,0.0,0.0
2026-05-17 13:16:42,20.63,69.28,False,False,0.0,0.0
2026-05-17 13:16:42,18.23,67.08,False,False,12750.49,0.0
2026-05-17 13:16:44,21.22,69.35,False,True,10000.0,100.0
2026-05-17 13:16:44,22.14,58.43,False,False,14897.55,0.0
2026-05-17 13:16:46,19.21,76.1,False,False,10000.0,100.0
2026-05-17 13:16:46,25.19,51.99,True,True,10213.45,0.0
2026-05-17 13:16:48,19.04,75.25,False,False,10000.0,100.0
2026-05-17 13:16:48,38.1,11.14,True,True,14279.7,0.0
2026-05-17 13:16:50,19.95,74.3,False,False,0.0,0.0
,100.0
2026-05-17 13:16:53,24.54,58.92,False,False,1624.76,0.0
2026-05-17 13:16:55,19.59,74.34,False,False,10000.0,100.0
2026-05-17 13:16:57,19.85,73.01,False,False,10000.0,100.0
2026-05-17 13:16:57,25.26,58.15,True,True,12296.72,100.0
2026-05-17 13:16:59,19.46,73.07,False,False,10000.0,100.0
2026-05-17 13:16:59,23.8,63.41,False,False,13695.13,100.0
2026-05-17 13:17:01,19.71,72.81,False,False,0.0,0.0
.0
2026-05-17 13:17:03,19.42,73.03,False,False,0.0,0.0
2026-05-17 13:17:03,25.1,62.46,False,False,2162.02,0.0
2026-05-17 13:17:05,25.29,61.41,False,False,3109.47,0.0
2026-05-17 13:17:05,19.86,71.89,False,False,10000.0,100.0
2026-05-17 13:17:07,25.31,60.83,True,True,13380.02,100.0
2026-05-17 13:17:07,19.88,72.39,False,False,10000.0,100.0
2026-05-17 13:17:10,23.6,63.39,False,False,12608.67,100.0
2026-05-17 13:17:12,20.19,71.61,False,False,0.0,0.0
2026-05-17 13:17:12,23.92,62.68,False,False,11152.97,100.0
2026-05-17 13:17:14,19.84,71.74,False,False,0.0,0.0
2026-05-17 13:17:14,24.29,62.5,False,False,1422.54,0.0
2026-05-17 13:17:16,20.42,71.08,False,False,10000.0,100.0
2026-05-17 13:17:18,25.09,60.91,True,True,13102.41,100.0
2026-05-17 13:17:18,20.57,70.48,False,False,10000.0,100.0
2026-05-17 13:17:20,19.65,71.06,False,False,10000.0,100.0
2026-05-17 13:17:20,23.84,62.99,False,False,12565.03,100.0
2026-05-17 13:17:22,20.35,70.64,False,False,0.0,0.0
2026-05-17 13:17:22,23.75,62.82,False,False,3130.78,0.0
2026-05-17 13:17:24,24.66,61.88,False,False,2409.4,0.0
2026-05-17 13:17:26,19.38,71.18,False,False,10000.0,100.0
2026-05-17 13:17:26,24.59,61.07,False,False,1591.41,0.0
2026-05-17 13:17:29,20.05,70.35,False,False,10000.0,100.0
2026-05-17 13:17:29,24.86,60.35,False,True,11877.36,100.0
2026-05-17 13:17:31,19.8,70.19,False,False,10000.0,100.0
2026-05-17 13:17:31,23.43,66.33,False,False,13360.04,100.0
2026-05-17 13:17:33,24.11,65.39,False,False,3213.81,0.0
2026-05-17 13:17:33,19.15,70.24,False,False,0.0,0.0
2026-05-17 13:17:35,25.14,64.35,False,False,1934.8,0.0
2026-05-17 13:17:37,24.47,63.25,False,False,1844.41,0.0
2026-05-17 13:17:39,25.57,63.51,True,True,12700.82,100.0
2026-05-17 13:17:41,24.48,64.45,False,False,12183.82,100.0
2026-05-17 13:17:43,24.43,64.46,False,False,11216.54,100.0
2026-05-17 13:17:46,24.99,63.63,False,False,3286.31,0.0
2026-05-17 13:17:48,24.84,63.05,False,False,2415.53,0.0
2026-05-17 13:17:50,24.65,62.79,False,True,11604.64,100.0
2026-05-17 13:17:52,23.48,67.96,False,False,11953.29,100.0
2026-05-17 13:17:54,23.76,66.94,False,False,2000.4,0.0
2026-05-17 13:17:56,24.85,66.19,False,False,2214.36,0.0
2026-05-17 13:17:58,24.92,64.84,False,False,2316.2,0.0
2026-05-17 13:18:00,25.08,64.45,True,True,11049.25,100.0
2026-05-17 13:18:02,23.45,65.08,False,False,12211.02,100.0
2026-05-17 13:18:05,24.12,64.31,False,False,11721.87,100.0
2026-05-17 13:18:07,24.33,63.17,False,False,3139.43,0.0
2026-05-17 13:18:09,24.45,62.39,False,False,2199.92,0.0
2026-05-17 13:18:11,24.86,62.14,False,True,11801.31,100.0
2026-05-17 13:18:13,24.01,68.08,False,False,13067.23,100.0
2026-05-17 13:18:15,24.0,67.29,False,False,2476.49,0.0
2026-05-17 13:18:17,25.08,66.49,False,False,3355.63,0.0
2026-05-17 13:18:19,25.08,65.9,False,False,2080.98,0.0
2026-05-17 13:19:37,25.94,57.22,True,True,11714.6,0.0
2026-05-17 13:19:39,30.98,39.21,True,True,12594.54,0.0
2026-05-17 13:19:42,34.4,30.81,True,True,13650.42,0.0
2026-05-17 13:19:44,35.99,27.3,True,True,11494.59,0.0
2026-05-17 13:19:46,37.17,25.96,True,True,12184.41,0.0
2026-05-17 13:19:48,36.81,26.83,True,True,14077.58,0.0
2026-05-17 13:19:50,37.9,25.94,True,True,10010.13,0.0
2026-05-17 13:19:52,37.39,29.37,True,True,10454.44,0.0
2026-05-17 13:19:54,36.71,27.52,True,True,11138.59,0.0
2026-05-17 13:19:56,37.8,27.92,True,True,12300.03,0.0
2026-05-17 13:19:58,37.12,29.73,True,True,14585.2,0.0
2026-05-17 13:20:01,37.95,28.28,True,True,14972.06,0.0
2026-05-17 13:20:03,38.16,28.61,True,True,10710.42,0.0
2026-05-17 13:20:05,38.24,27.57,True,True,12872.89,0.0
2026-05-17 13:20:07,38.41,27.87,True,True,14301.96,0.0
2026-05-17 13:20:09,37.74,29.16,True,True,12964.26,0.0
2026-05-17 13:20:11,37.56,26.83,True,True,11179.04,0.0
2026-05-17 13:20:13,37.93,26.9,True,True,10769.07,0.0
2026-05-17 13:20:15,37.6,28.5,True,True,11270.55,0.0
2026-05-17 13:20:17,37.25,29.11,True,True,12697.97,0.0
2026-05-17 13:20:19,38.1,28.1,True,True,10748.18,0.0
2026-05-17 13:20:22,37.66,26.63,True,True,12541.53,0.0
2026-05-17 13:20:24,37.49,28.24,True,True,10169.73,0.0
2026-05-17 13:20:26,37.2,28.69,True,True,10000.28,0.0
2026-05-17 13:21:51,24.56,60.71,False,True,11165.39,100.0
2026-05-17 13:21:54,22.72,64.16,False,False,10539.51,100.0
2026-05-17 13:21:56,22.73,64.25,False,False,1046.49,0.0
2026-05-17 13:21:58,21.06,64.07,False,False,1643.96,0.0
2026-05-17 13:22:00,20.62,65.26,False,True,11972.2,100.0
2026-05-17 13:22:20,24.65,60.78,False,True,10513.64,100.0
2026-05-17 13:22:22,23.35,63.23,False,False,11568.42,100.0
2026-05-17 13:22:24,23.19,63.42,False,False,1305.76,0.0
2026-05-17 13:22:26,22.62,63.92,False,False,535.28,0.0
2026-05-17 13:22:28,21.58,64.5,False,True,10778.95,100.0
2026-05-17 13:22:30,20.26,66.46,False,False,11966.1,100.0
2026-05-17 13:22:32,20.71,66.74,False,False,11019.0,100.0
2026-05-17 13:22:35,20.5,66.7,False,False,796.57,0.0
2026-05-17 13:22:37,19.97,67.21,False,False,1846.33,0.0
2026-05-17 13:22:39,19.27,67.16,False,True,11806.16,100.0
2026-05-17 13:22:41,18.47,70.42,False,False,11029.24,100.0
2026-05-17 13:22:43,18.42,70.41,False,False,11733.23,100.0
2026-05-17 13:22:45,17.87,70.58,False,False,1043.21,0.0
2026-05-17 13:22:47,18.44,69.46,False,False,3712.46,0.0
2026-05-17 13:22:49,20.35,67.25,False,True,13499.91,100.0
2026-05-17 13:22:51,18.98,73.59,False,False,11160.66,100.0
2026-05-17 13:22:54,20.2,71.6,False,False,3179.32,0.0
2026-05-17 13:22:56,21.78,68.79,False,False,3537.23,0.0
2026-05-17 13:22:58,22.94,67.81,False,False,3520.18,0.0
2026-05-17 13:23:00,23.31,66.2,False,True,11002.98,100.0
2026-05-17 13:23:49,25.38,59.76,True,True,13545.59,100.0
2026-05-17 13:23:51,24.6,61.44,False,False,11798.29,100.0
2026-05-17 13:23:53,24.43,60.8,False,False,2003.07,0.0
2026-05-17 13:23:56,24.56,60.2,False,False,2946.39,0.0
2026-05-17 13:23:58,23.86,60.45,False,True,11391.5,100.0
2026-05-17 13:24:00,21.25,67.36,False,False,11892.16,100.0
2026-05-17 13:24:02,20.24,68.41,False,False,10728.66,100.0
2026-05-17 13:24:04,19.34,68.76,False,False,1097.56,0.0
2026-05-17 13:24:06,18.97,69.21,False,False,1293.69,0.0
2026-05-17 13:24:08,18.2,68.72,False,True,11715.09,100.0
2026-05-17 13:24:10,16.23,75.33,False,False,11451.65,100.0
2026-05-17 13:24:12,15.3,75.18,False,False,11284.1,100.0
2026-05-17 13:24:15,15.46,75.2,False,False,1017.65,0.0
2026-05-17 13:24:17,15.73,75.11,False,False,853.18,0.0
2026-05-17 13:24:19,15.01,75.49,False,False,10814.77,100.0
2026-05-17 13:24:21,15.55,75.18,False,False,11709.36,100.0
2026-05-17 13:24:23,15.05,75.45,False,False,11603.96,100.0
2026-05-17 13:24:25,15.53,75.69,False,False,1308.38,0.0
2026-05-17 13:24:27,14.63,75.94,False,False,1250.25,0.0
2026-05-17 13:24:29,14.85,75.68,False,False,11377.24,100.0
2026-05-17 13:24:31,14.31,75.3,False,False,10728.26,100.0
2026-05-17 13:24:34,14.83,75.19,False,False,11984.47,100.0
2026-05-17 13:24:36,14.54,75.81,False,False,1050.28,0.0
2026-05-17 13:24:38,15.19,75.04,False,False,1552.56,0.0
2026-05-17 13:24:40,14.54,75.86,False,False,11673.01,100.0
2026-05-17 13:24:42,14.48,75.34,False,False,11559.3,100.0
2026-05-17 13:24:44,14.45,75.11,False,False,11969.94,100.0
2026-05-17 13:24:46,14.74,75.32,False,False,851.36,0.0
2026-05-17 13:24:48,14.71,75.1,False,False,557.67,0.0
2026-05-17 13:24:51,14.6,74.84,False,False,11039.59,100.0
2026-05-17 13:24:53,14.44,75.7,False,False,11233.71,100.0
2026-05-17 13:24:55,14.86,75.6,False,False,11414.23,100.0
2026-05-17 13:24:57,15.03,75.32,False,False,1528.76,0.0
2026-05-17 13:24:59,14.35,75.4,False,False,1772.32,0.0
2026-05-17 13:25:01,14.84,75.14,False,False,11291.95,100.0
2026-05-17 13:25:03,14.14,75.32,False,False,11508.96,100.0
2026-05-17 13:25:05,15.02,74.88,False,False,11227.77,100.0
2026-05-17 13:25:07,14.87,74.95,False,False,1890.29,0.0
2026-05-17 13:25:10,14.9,74.95,False,False,940.87,0.0
2026-05-17 13:25:12,14.19,74.59,False,False,11266.44,100.0
2026-05-17 13:25:14,14.14,74.9,False,False,10795.14,100.0
2026-05-17 13:25:16,14.9,75.4,False,False,11691.81,100.0
2026-05-17 13:25:18,14.43,74.8,False,False,1488.05,0.0
2026-05-17 13:25:20,14.67,75.15,False,False,583.94,0.0
2026-05-17 13:25:22,14.9,74.54,False,False,10824.3,100.0
2026-05-17 13:25:24,14.5,75.27,False,False,11033.11,100.0
2026-05-17 13:25:26,14.94,75.31,False,False,11372.19,100.0
2026-05-17 13:25:29,14.82,75.25,False,False,1860.66,0.0
2026-05-17 13:25:31,14.84,74.54,False,False,1664.84,0.0
2026-05-17 13:25:33,14.72,75.04,False,False,11774.1,100.0
2026-05-17 13:25:35,14.94,75.41,False,False,10909.13,100.0
2026-05-17 13:25:37,14.13,74.88,False,False,10589.36,100.0
2026-05-17 13:25:39,14.08,74.66,False,False,1064.16,0.0
2026-05-17 13:25:41,14.34,74.81,False,False,1828.39,0.0
2026-05-17 13:25:43,14.47,74.46,False,False,11541.78,100.0
2026-05-17 13:25:45,14.56,75.02,False,False,11658.3,100.0
2026-05-17 13:25:48,15.08,75.01,False,False,11393.3,100.0
2026-05-17 13:25:50,14.72,74.57,False,False,829.75,0.0
2026-05-17 13:25:52,14.36,74.97,False,False,608.87,0.0
2026-05-17 13:25:54,14.7,74.45,False,False,10632.11,100.0
2026-05-17 13:25:56,14.09,74.9,False,False,11683.0,100.0
2026-05-17 13:25:58,15.02,74.54,False,False,11879.31,100.0
2026-05-17 13:26:00,14.35,74.46,False,False,811.15,0.0
2026-05-17 13:26:02,16.52,71.01,False,False,1557.83,0.0
2026-05-17 13:26:04,18.18,68.33,False,True,11650.77,100.0
2026-05-17 13:26:07,17.89,75.24,False,False,11449.13,100.0
2026-05-17 13:28:02,25.88,57.72,True,True,12496.07,0.0
2026-05-17 13:28:04,31.31,39.43,True,True,11133.15,0.0
2026-05-17 13:28:06,34.34,30.94,True,True,14359.76,0.0
2026-05-17 13:28:08,35.6,28.6,True,True,14331.2,0.0
2026-05-17 13:28:10,36.27,25.98,True,True,12339.18,0.0
2026-05-17 13:28:13,37.22,26.89,True,True,12201.58,0.0
2026-05-17 13:28:15,37.79,27.12,True,True,10106.96,0.0
2026-05-17 13:28:17,37.52,27.83,True,True,13278.44,0.0
2026-05-17 13:28:19,38.5,28.2,True,True,10775.99,0.0
2026-05-17 13:28:21,37.8,28.13,True,True,13019.11,0.0
2026-05-17 13:28:23,37.93,28.21,True,True,13516.42,0.0
2026-05-17 13:28:25,32.21,41.02,True,True,2966.22,0.0
2026-05-17 13:28:27,28.73,49.61,True,False,3016.96,0.0
2026-05-17 13:28:29,27.82,52.04,True,False,2840.18,0.0
2026-05-17 13:28:32,26.47,54.85,True,True,13907.22,100.0
2026-05-17 13:28:34,24.02,63.6,False,False,11617.81,100.0
2026-05-17 13:28:36,23.84,63.23,False,False,11385.25,100.0
2026-05-17 13:28:38,24.88,62.38,False,False,1436.21,0.0
2026-05-17 13:28:40,24.44,61.87,False,False,2404.14,0.0
2026-05-17 13:28:42,25.11,61.05,True,True,12092.12,100.0
2026-05-17 13:28:44,23.97,63.09,False,False,11227.13,100.0
2026-05-17 13:28:46,23.55,63.05,False,False,11149.71,100.0
2026-05-17 13:28:48,24.42,61.87,False,False,3465.45,0.0
2026-05-17 13:28:51,24.89,61.52,False,False,3244.37,0.0
2026-05-17 13:28:53,25.61,60.59,True,True,11629.73,100.0
2026-05-17 13:28:55,24.37,61.65,False,True,13182.63,100.0
2026-05-17 13:28:57,22.72,66.84,False,False,2363.9,0.0
2026-05-17 13:28:59,24.08,65.63,False,False,3907.19,0.0
2026-05-17 13:29:01,24.02,64.86,False,False,3074.8,0.0
2026-05-17 13:29:03,24.68,64.08,False,True,11985.47,100.0
2026-05-17 13:29:05,23.68,70.95,False,False,12199.96,100.0
2026-05-17 13:29:08,24.29,69.58,False,False,2480.1,0.0
2026-05-17 13:29:10,24.77,68.35,False,False,3899.38,0.0
2026-05-17 13:29:12,25.02,66.5,False,False,3061.89,0.0
2026-05-17 13:29:14,24.88,66.15,False,True,11640.16,100.0
2026-05-17 13:29:16,23.57,71.33,False,False,12134.75,100.0
2026-05-17 13:29:18,24.98,68.7,False,False,12759.84,0.0
2026-05-17 13:29:20,26.74,65.89,True,False,11399.03,0.0
2026-05-17 13:29:22,31.95,40.28,True,True,11084.76,0.0
2026-05-17 13:29:24,34.79,32.04,True,True,11840.76,0.0
2026-05-17 13:29:27,36.21,28.85,True,True,11466.03,0.0
2026-05-17 13:29:29,36.8,27.68,True,True,13660.64,0.0
2026-05-17 13:29:31,37.77,26.58,True,True,13146.42,0.0
2026-05-17 13:29:33,38.19,26.88,True,True,14206.31,0.0
2026-05-17 13:29:35,38.36,27.07,True,True,14976.7,0.0
2026-05-17 13:29:37,38.66,26.69,True,True,12591.93,0.0
2026-05-17 13:29:39,38.67,27.43,True,True,10548.68,0.0
2026-05-17 13:29:41,37.98,28.14,True,True,10592.52,0.0
2026-05-17 13:29:43,38.12,27.42,True,True,10421.19,0.0
2026-05-17 13:29:46,37.83,28.31,True,True,14109.0,0.0
2026-05-17 13:29:48,38.73,27.84,True,True,10281.81,0.0
2026-05-17 13:29:50,38.12,27.76,True,True,14218.59,0.0
2026-05-17 13:29:52,38.13,28.61,True,True,10753.31,0.0
2026-05-17 13:29:54,38.59,27.57,True,True,13209.17,0.0
2026-05-17 13:29:56,38.71,29.19,True,True,11539.03,0.0
2026-05-17 13:29:58,38.37,29.64,True,True,13782.91,0.0
2026-05-17 13:30:00,38.13,28.57,True,True,10383.71,0.0
2026-05-17 13:30:02,38.31,28.69,True,True,13968.61,0.0
2026-05-17 13:30:05,37.91,28.52,True,True,10777.97,0.0
2026-05-17 13:30:07,38.78,28.71,True,True,12660.74,0.0
2026-05-17 13:30:09,37.41,28.79,True,True,11448.17,0.0
2026-05-17 13:30:11,37.74,28.09,True,True,14496.1,0.0
2026-05-17 13:30:13,37.38,28.09,True,True,10411.99,0.0
2026-05-17 13:30:15,13.7,75.91,False,False,1375.05,0.0
2026-05-17 13:30:17,13.17,76.17,False,False,11542.86,100.0
2026-05-17 13:30:19,14.09,75.24,False,False,11154.43,100.0
2026-05-17 13:30:22,13.3,75.14,False,False,10947.48,100.0
2026-05-17 13:30:24,14.0,75.1,False,False,1478.87,0.0
2026-05-17 13:30:26,13.83,74.66,False,False,1730.66,0.0
2026-05-17 13:30:28,14.22,74.9,False,False,11762.75,100.0
2026-05-17 13:30:30,14.04,74.24,False,False,11386.48,100.0
2026-05-17 13:30:32,13.9,74.95,False,False,11741.58,100.0
2026-05-17 13:30:34,14.78,74.31,False,False,725.33,0.0
2026-05-17 13:30:36,14.32,73.81,False,False,1666.79,0.0
2026-05-17 13:30:38,14.21,74.64,False,False,11655.86,100.0
2026-05-17 13:30:41,14.27,73.99,False,False,10667.21,100.0
2026-05-17 13:30:43,14.86,74.6,False,False,10812.56,100.0
2026-05-17 13:30:45,14.72,74.1,False,False,1055.41,0.0
2026-05-17 13:30:47,14.19,73.71,False,False,1772.54,0.0
2026-05-17 13:30:49,14.73,74.34,False,False,11538.16,100.0
2026-05-17 13:30:51,14.99,73.81,False,False,11151.06,100.0
2026-05-17 13:30:53,14.63,74.39,False,False,11684.85,100.0
2026-05-17 13:30:55,14.35,74.6,False,False,943.42,0.0
2026-05-17 13:30:57,15.2,74.17,False,False,1590.01,0.0
2026-05-17 13:31:00,14.24,74.23,False,False,10957.91,100.0
2026-05-17 13:31:02,14.86,74.65,False,False,10587.66,100.0
2026-05-17 13:31:04,14.88,74.31,False,False,10524.21,100.0
2026-05-17 13:31:06,15.1,73.94,False,False,1967.0,0.0
2026-05-17 13:31:08,14.19,74.58,False,False,1328.57,0.0
2026-05-17 13:31:10,14.86,74.06,False,False,11181.01,100.0
2026-05-17 13:31:12,14.75,74.82,False,False,10638.66,100.0
2026-05-17 13:31:14,14.73,74.54,False,False,11194.98,100.0
2026-05-17 13:31:16,14.8,74.98,False,False,968.43,0.0
2026-05-17 13:31:19,19.55,64.66,False,False,14188.98,0.0
2026-05-17 13:31:21,22.73,57.81,False,True,11849.24,0.0
2026-05-17 13:31:23,24.83,58.94,False,True,12413.31,0.0
2026-05-17 13:31:25,25.7,61.38,True,False,12090.04,0.0
2026-05-17 13:31:27,38.97,4.41,True,True,13980.43,0.0
2026-05-17 13:49:23,24.98,60.05,False,True,13053.39,100.0
2026-05-17 13:49:25,24.54,62.51,False,False,2476.39,0.0
2026-05-17 13:49:27,25.21,62.22,False,False,1469.58,0.0
2026-05-17 13:49:29,25.03,61.69,False,False,2611.6,0.0
2026-05-17 13:49:31,25.46,61.79,True,True,13601.11,100.0
2026-05-17 13:49:33,25.01,61.58,True,True,12164.84,100.0
2026-05-17 13:49:35,24.11,64.83,False,False,2791.02,0.0
2026-05-17 13:49:37,23.87,64.49,False,False,3122.7,0.0
2026-05-17 13:49:40,24.55,62.94,False,False,2317.52,0.0
2026-05-17 13:49:42,24.5,63.02,False,True,12030.75,100.0
2026-05-17 13:49:44,24.03,69.08,False,False,13564.24,100.0
2026-05-17 13:49:46,23.88,68.72,False,False,11232.72,100.0
